{
  "adeus": {
    "hashedPassword": "202cb962ac59075b964b07152d234b70"
  },
  "ppp": {
    "hashedPassword": "36347412c7d30ae6fde3742bbc4f21b9"
  },
  "yy": {
    "hashedPassword": "202cb962ac59075b964b07152d234b70"
  },
  "rr": {
    "hashedPassword": "202cb962ac59075b964b07152d234b70"
  },
  "a": {
    "hashedPassword": "2a38a4a9316c49e5a833517c45d31070"
  },
  "ana": {
    "hashedPassword": "202cb962ac59075b964b07152d234b70"
  },
  "yyyyy": {
    "hashedPassword": "202cb962ac59075b964b07152d234b70"
  },
  "po": {
    "hashedPassword": "202cb962ac59075b964b07152d234b70"
  },
  "you": {
    "hashedPassword": "202cb962ac59075b964b07152d234b70"
  }
}